{
        "train_loss": [
                1.1430525183677673,
                0.9841092725594839,
                0.9319945772488912,
                0.7968572974205017,
                0.6671736935774485,
                0.582491268714269,
                0.5177950958410898,
                0.41444743673006695,
                0.39711473882198334,
                0.27081119020779926,
                0.21190678576628366,
                0.16356317698955536,
                0.13503357085088888,
                0.12798853342731795,
                0.14107398254175982,
                0.06141612989207109,
                0.058120016008615494,
                0.018471328386416037,
                0.013403820106759667,
                0.014368493963653842,
                0.00692232387761275,
                0.0053775333023319645,
                0.004603670793585479,
                0.0037346079867954054,
                0.003196225423986713,
                0.0027382800665994487,
                0.003143364990440508,
                0.002290504596506556,
                0.002205166364243875,
                0.0022415313869714737,
                0.0020804962453742823,
                0.0018967272674975295,
                0.0018428796126196783,
                0.001649728025464962,
                0.0016584218052836757,
                0.0015835889498703182,
                0.0015164535919514794,
                0.001431893421492229,
                0.0013248197307499747,
                0.0012870445110214253,
                0.001288696638463686,
                0.0012112331848281126,
                0.0012515168831062813,
                0.0011665732987845938,
                0.0011223928013350815,
                0.0011152127990499139,
                0.001076423980218048,
                0.001048404723405838,
                0.000998685563293596,
                0.001032974396366626
        ],
        "val_loss": [
                1.0988516807556152,
                1.1979660987854004,
                1.2076770067214966,
                1.1892367601394653,
                1.2567063570022583,
                1.3260931968688965,
                1.4386194944381714,
                1.659420371055603,
                1.7392162084579468,
                1.944902777671814,
                2.055022954940796,
                2.0537052154541016,
                2.2884128093719482,
                2.3666162490844727,
                2.5061466693878174,
                2.5206847190856934,
                2.7180280685424805,
                2.7999649047851562,
                3.0348286628723145,
                3.29416823387146,
                3.4290714263916016,
                3.5442333221435547,
                3.654714822769165,
                3.7388908863067627,
                3.799954891204834,
                3.8639843463897705,
                3.887006998062134,
                4.045351505279541,
                4.06756591796875,
                4.105652332305908,
                4.111614227294922,
                4.106337070465088,
                4.128856658935547,
                4.145023345947266,
                4.18203592300415,
                4.166551113128662,
                4.170732021331787,
                4.209782123565674,
                4.202706813812256,
                4.2303667068481445,
                4.278642177581787,
                4.354097843170166,
                4.363750457763672,
                4.4051833152771,
                4.388917922973633,
                4.398564338684082,
                4.409160614013672,
                4.40431547164917,
                4.419251918792725,
                4.440347671508789
        ],
        "val_f1": [
                0.22745098039215683,
                0.21608643457382956,
                0.22692307692307692,
                0.24358974358974358,
                0.2142857142857143,
                0.2697056030389364,
                0.25925925925925924,
                0.22999999999999998,
                0.2765302330519722,
                0.19163292847503374,
                0.26311454311454313,
                0.2603101957793033,
                0.29155844155844163,
                0.3426951682529775,
                0.30464226633581476,
                0.3375544662309369,
                0.2603101957793033,
                0.3038073038073038,
                0.27861319966583126,
                0.2610693400167085,
                0.2610693400167085,
                0.2610693400167085,
                0.2610693400167085,
                0.26311454311454313,
                0.26311454311454313,
                0.26311454311454313,
                0.2610693400167085,
                0.25943621595795513,
                0.24352548036758567,
                0.24352548036758567,
                0.24352548036758567,
                0.24352548036758567,
                0.2450965250965251,
                0.2450965250965251,
                0.24352548036758567,
                0.25943621595795513,
                0.25943621595795513,
                0.2610693400167085,
                0.25943621595795513,
                0.25943621595795513,
                0.25943621595795513,
                0.2748917748917749,
                0.25943621595795513,
                0.25943621595795513,
                0.25943621595795513,
                0.25943621595795513,
                0.25943621595795513,
                0.25943621595795513,
                0.25943621595795513,
                0.25943621595795513
        ]
}