{
        "train_loss": [
                1.285069743792216,
                1.0224456389745076,
                0.9858900407950083,
                1.0749342838923137,
                1.0480776031812031,
                1.0206318596998851,
                1.1126355429490407,
                1.0722498794396718,
                1.0510855515797932,
                1.053417166074117,
                1.0598656336466472,
                1.028017908334732,
                1.0553532044092815,
                1.0618761380513508,
                1.0895037949085236,
                1.0216534435749054,
                1.0283725559711456,
                1.0255733827749889,
                1.054119050502777,
                1.0125556886196136,
                1.0798478424549103,
                1.043036272128423,
                1.0866431593894958,
                1.0219485362370808,
                1.0312649607658386,
                1.0188202659289043,
                1.0063839952150981,
                1.0854024390379589,
                1.0569730401039124,
                1.0358008941014607,
                1.0395209689935048,
                1.0497339765230815,
                1.0408023993174236,
                1.0591109494368236,
                1.0750032464663188,
                1.0396810869375865,
                1.0528907279173534,
                1.0517541269461315,
                1.025766392548879,
                1.0633880098660786,
                1.041373570760091,
                1.0262333552042644,
                1.0603109002113342,
                1.0407652854919434,
                1.0218936800956726,
                1.0312223335107167,
                1.0199216107527416,
                1.0632416705290477,
                1.054322858651479,
                1.0183379749457042
        ],
        "val_loss": [
                1.0289243459701538,
                1.0342676639556885,
                1.0264053344726562,
                1.0121291875839233,
                1.0672422647476196,
                1.011305332183838,
                0.9644824862480164,
                1.0077482461929321,
                1.0362876653671265,
                1.073704481124878,
                1.0469908714294434,
                1.0444129705429077,
                1.014634132385254,
                1.0361649990081787,
                1.0624346733093262,
                1.0542685985565186,
                1.0601640939712524,
                1.0183242559432983,
                1.0120813846588135,
                1.0652799606323242,
                1.1040879487991333,
                1.0509755611419678,
                1.007948637008667,
                0.9944943785667419,
                1.0284364223480225,
                1.0448507070541382,
                1.052156686782837,
                1.0414215326309204,
                1.0192933082580566,
                1.039415955543518,
                1.036486029624939,
                1.0704004764556885,
                1.0371036529541016,
                1.0051867961883545,
                1.0107533931732178,
                1.027726650238037,
                1.0289554595947266,
                1.0149743556976318,
                1.0400844812393188,
                1.0508348941802979,
                1.084549069404602,
                1.0753964185714722,
                1.0412849187850952,
                1.0027148723602295,
                1.041103720664978,
                1.0780936479568481,
                1.0598351955413818,
                1.0548251867294312,
                1.0728542804718018,
                1.0637872219085693
        ],
        "val_f1": [
                0.21475256769374415,
                0.1794871794871795,
                0.16993464052287585,
                0.2298850574712644,
                0.1794871794871795,
                0.1794871794871795,
                0.1794871794871795,
                0.1794871794871795,
                0.1794871794871795,
                0.1794871794871795,
                0.1794871794871795,
                0.1794871794871795,
                0.1794871794871795,
                0.1794871794871795,
                0.1794871794871795,
                0.1794871794871795,
                0.1794871794871795,
                0.1794871794871795,
                0.1794871794871795,
                0.1794871794871795,
                0.1794871794871795,
                0.1794871794871795,
                0.1794871794871795,
                0.1794871794871795,
                0.1794871794871795,
                0.1794871794871795,
                0.1794871794871795,
                0.1794871794871795,
                0.1794871794871795,
                0.1794871794871795,
                0.1794871794871795,
                0.1794871794871795,
                0.1794871794871795,
                0.1794871794871795,
                0.1794871794871795,
                0.1794871794871795,
                0.1794871794871795,
                0.1794871794871795,
                0.1794871794871795,
                0.1794871794871795,
                0.1794871794871795,
                0.1794871794871795,
                0.1794871794871795,
                0.1794871794871795,
                0.1794871794871795,
                0.1794871794871795,
                0.1794871794871795,
                0.1794871794871795,
                0.1794871794871795,
                0.1794871794871795
        ]
}