{
        "train_loss": [
                1.449653406937917,
                1.1027124722798665,
                1.0001387695471446,
                0.9227301180362701,
                0.7516021827856699,
                0.5873583753903707,
                0.4650452136993408,
                0.3287077297767003,
                0.13981585452953973,
                0.05909403568754593,
                0.029342255011821788,
                0.0209856613073498,
                0.030888794572092593,
                0.002174485183786601,
                0.0020195196411805227,
                0.007268691144417971,
                0.00343469711515354,
                0.0006926047329519255,
                0.00026536676280860166,
                0.0006023596458059425,
                0.00024223228319897316,
                0.04689690833038185,
                0.0002596755390792775,
                0.00016708019757061265,
                0.00024285386219465485,
                0.015253937533998396,
                0.004258418049478981,
                0.0035147907298475425,
                0.00011024621259518123,
                0.00011361733595549595,
                0.000423855331367425,
                0.004907742627741148,
                0.00018362606715527363,
                0.000156339895814502,
                0.007451930729075684,
                0.0002785033951416456,
                0.0017171075323858531,
                0.00012085812462222141,
                0.02415562597677005,
                0.01383239542216567,
                7.140953433311854e-05,
                6.590284465346485e-05,
                4.4348383501831755e-05,
                5.991017496853601e-05,
                0.0004091548380529275,
                6.982254550772875e-05,
                0.028566006033846254,
                0.003983300327793889,
                0.0002947123645450726,
                7.54641863143964e-05
        ],
        "val_loss": [
                1.347154974937439,
                1.1162824630737305,
                1.0309348106384277,
                1.1261024475097656,
                1.1100252866744995,
                1.147309422492981,
                1.0825566053390503,
                1.1842056512832642,
                1.3998008966445923,
                1.4862420558929443,
                2.0515925884246826,
                1.928178310394287,
                2.1698179244995117,
                2.4776179790496826,
                2.4803504943847656,
                2.4976184368133545,
                2.8300724029541016,
                3.0377283096313477,
                3.0118496417999268,
                2.7958145141601562,
                2.731182813644409,
                2.736284017562866,
                2.8227388858795166,
                2.879922866821289,
                2.8512489795684814,
                2.8183460235595703,
                2.9099559783935547,
                3.0525662899017334,
                3.14569354057312,
                3.201930046081543,
                3.150144577026367,
                2.816706895828247,
                2.8175065517425537,
                2.8122551441192627,
                2.859341859817505,
                2.921370029449463,
                3.0273354053497314,
                3.2831554412841797,
                3.3551247119903564,
                3.2828760147094727,
                3.2075376510620117,
                3.1764016151428223,
                3.1635630130767822,
                3.1580092906951904,
                3.322406053543091,
                3.707670211791992,
                3.6209909915924072,
                3.1695892810821533,
                2.979403495788574,
                3.051999568939209
        ],
        "val_f1": [
                0.26274509803921564,
                0.18867924528301885,
                0.26773049645390073,
                0.2611111111111111,
                0.3815825751309623,
                0.25745257452574527,
                0.5017696267696269,
                0.46105006105006113,
                0.3333333333333333,
                0.33809523809523806,
                0.337979094076655,
                0.3380867498514557,
                0.33809523809523806,
                0.28998778998779,
                0.29549549549549553,
                0.3888888888888889,
                0.28998778998779,
                0.3067901234567901,
                0.28998778998779,
                0.38865578865578865,
                0.4382936507936508,
                0.41781874039938555,
                0.4382936507936508,
                0.4382936507936508,
                0.4382936507936508,
                0.46527777777777773,
                0.4396825396825396,
                0.4382936507936508,
                0.4090909090909091,
                0.4090909090909091,
                0.4090909090909091,
                0.5550807217473884,
                0.5308641975308642,
                0.5308641975308642,
                0.5804137470804137,
                0.5804137470804137,
                0.4836124896608767,
                0.45441595441595445,
                0.5005291005291005,
                0.5005291005291005,
                0.4751683501683502,
                0.5133442265795206,
                0.4932682750519562,
                0.4932682750519562,
                0.5005291005291005,
                0.42896742896742895,
                0.47476597476597476,
                0.5032088122605364,
                0.5405228758169934,
                0.375975975975976
        ]
}