{
        "train_loss": [
                1.0964183608690898,
                0.9088292717933655,
                0.7400997380415598,
                0.5863089064757029,
                0.45514067510763806,
                0.3079079935948054,
                0.20969117681185404,
                0.11011775334676106,
                0.06632039633889993,
                0.034870622058709465,
                0.022576916497200727,
                0.015163609602799019,
                0.010612512783457836,
                0.007622465180854003,
                0.006148847518488765,
                0.0053687865535418195,
                0.004821460461243987,
                0.0040114057483151555,
                0.0038903802633285522,
                0.003310010147591432,
                0.0034442126440505185,
                0.0029120316030457616,
                0.002779605914838612,
                0.002656505908817053,
                0.002507858502212912,
                0.0022888025074886778,
                0.002244009131876131,
                0.002023501399283608,
                0.002086229040287435,
                0.0018344625908260543,
                0.0018194462754763663,
                0.001810955349355936,
                0.0017388853205678363,
                0.0016540787958850463,
                0.0015008268528617918,
                0.0015083349232251446,
                0.0015337575459852815,
                0.0014520755309301119,
                0.0013249740586616099,
                0.0013609746238216758,
                0.001259875192772597,
                0.0012372351678398748,
                0.001275790137394021,
                0.005680370222156246,
                0.01072583592031151,
                0.0012165148509666324,
                0.0013097983901388943,
                0.0012302227745143075,
                0.0012059984534668426,
                0.0011562078337495525
        ],
        "val_loss": [
                1.0436670780181885,
                1.034627079963684,
                1.0084326267242432,
                1.0047824382781982,
                1.0243072509765625,
                1.0357314348220825,
                1.10182523727417,
                1.2134361267089844,
                1.3190019130706787,
                1.4291971921920776,
                1.6247129440307617,
                1.7512682676315308,
                1.808484673500061,
                1.870062232017517,
                1.92626953125,
                1.9824198484420776,
                2.021207809448242,
                2.042306661605835,
                2.0802814960479736,
                2.1215405464172363,
                2.1533586978912354,
                2.1641993522644043,
                2.1882519721984863,
                2.218156337738037,
                2.2434451580047607,
                2.270507574081421,
                2.289797067642212,
                2.2961483001708984,
                2.306135654449463,
                2.317580461502075,
                2.340381622314453,
                2.3688762187957764,
                2.3842358589172363,
                2.401991844177246,
                2.4205257892608643,
                2.4233570098876953,
                2.4287073612213135,
                2.4354302883148193,
                2.454699754714966,
                2.47891902923584,
                2.4952335357666016,
                2.5087273120880127,
                2.5193004608154297,
                2.6086037158966064,
                2.6319642066955566,
                2.6032309532165527,
                2.5581140518188477,
                2.6167967319488525,
                2.5859177112579346,
                2.6228830814361572
        ],
        "val_f1": [
                0.24444444444444438,
                0.2627450980392157,
                0.35608465608465617,
                0.3563596491228071,
                0.38888888888888884,
                0.5177970177970178,
                0.49613899613899615,
                0.49613899613899615,
                0.5210084033613446,
                0.5210084033613446,
                0.5210084033613446,
                0.5210084033613446,
                0.5210084033613446,
                0.5210084033613446,
                0.5210084033613446,
                0.5210084033613446,
                0.5210084033613446,
                0.5026455026455027,
                0.5026455026455027,
                0.5210084033613446,
                0.5210084033613446,
                0.5210084033613446,
                0.5210084033613446,
                0.5210084033613446,
                0.5210084033613446,
                0.5210084033613446,
                0.5210084033613446,
                0.5210084033613446,
                0.5210084033613446,
                0.5210084033613446,
                0.5210084033613446,
                0.5210084033613446,
                0.5210084033613446,
                0.5210084033613446,
                0.5210084033613446,
                0.5501089324618738,
                0.5501089324618738,
                0.5501089324618738,
                0.5501089324618738,
                0.5501089324618738,
                0.5501089324618738,
                0.5501089324618738,
                0.5501089324618738,
                0.5301587301587302,
                0.5098039215686275,
                0.5098039215686275,
                0.5501089324618738,
                0.4837516087516087,
                0.5026455026455027,
                0.5210084033613446
        ]
}