{
        "train_loss": [
                1.1367302437623341,
                0.659848615527153,
                0.28712673981984455,
                0.14105856666962305,
                0.05998796752343575,
                0.04872767192622026,
                0.07671214306416611,
                0.03224270618132626,
                0.02377741368642698,
                0.034396085752329476,
                0.01936767353132988,
                0.019223315350245684,
                0.029715698377306882,
                0.01724171340659571,
                0.024490968469763175,
                0.026388605566656526,
                0.033773208318355806,
                0.025471950163288664,
                0.02510958026687149,
                0.041824655951738045,
                0.03824288419370229,
                0.019781215271602075,
                0.026493801148414303,
                0.04475120876062041,
                0.01979997857415583,
                0.049851623863408655,
                0.09642227534883811,
                0.026235348797248054,
                0.01761560208493999,
                0.013313893713833144,
                0.022300215661137674,
                0.013747921700996812,
                0.033896741675562225,
                0.030147195485672757,
                0.02198950930808981,
                0.021012105731642805,
                0.02581898529024329,
                0.04118919838704945,
                0.023146856874518562,
                0.019708843193560217,
                0.031105210471044604,
                0.039300581180820394,
                0.010109923813918916,
                0.01789965102458761,
                0.02198997149146938,
                0.04198266322540197,
                0.04561300819113967,
                0.012468329072968723,
                0.04120545547630172,
                0.02478883245688242
        ],
        "val_loss": [
                1.0457855463027954,
                0.9638851284980774,
                0.8916519284248352,
                0.9190378785133362,
                0.9796659350395203,
                0.9982192516326904,
                1.041974663734436,
                1.052817940711975,
                1.0757105350494385,
                1.114373803138733,
                1.1583181619644165,
                1.2033355236053467,
                1.2030082941055298,
                1.270545482635498,
                1.2813800573349,
                1.2202030420303345,
                1.1541913747787476,
                1.1394062042236328,
                1.1332645416259766,
                1.137448787689209,
                1.1465277671813965,
                1.1788859367370605,
                1.21025812625885,
                1.297610878944397,
                1.2152564525604248,
                1.202869176864624,
                1.2711251974105835,
                1.2663397789001465,
                1.22194504737854,
                1.2048540115356445,
                1.252569556236267,
                1.2753667831420898,
                1.2757858037948608,
                1.3128374814987183,
                1.2903993129730225,
                1.2748883962631226,
                1.3012046813964844,
                1.3616139888763428,
                1.484630823135376,
                1.7370282411575317,
                1.6170231103897095,
                1.4812968969345093,
                1.4768973588943481,
                1.4956997632980347,
                1.537089228630066,
                1.5603736639022827,
                1.548694372177124,
                1.489477515220642,
                1.4908058643341064,
                1.4400047063827515
        ],
        "val_f1": [
                0.35053763440860214,
                0.4303126656067833,
                0.5909090909090908,
                0.5747286821705426,
                0.5462433862433863,
                0.5205128205128206,
                0.48671679197994994,
                0.5370370370370371,
                0.5727969348659004,
                0.5549707602339181,
                0.5549707602339181,
                0.5370370370370371,
                0.5549707602339181,
                0.5370370370370371,
                0.5370370370370371,
                0.5727969348659004,
                0.6080999698885877,
                0.5904761904761905,
                0.6128794577070439,
                0.6128794577070439,
                0.5842490842490843,
                0.5904761904761905,
                0.5727969348659004,
                0.5784313725490196,
                0.5727969348659004,
                0.6014109347442682,
                0.4812324929971989,
                0.4812324929971989,
                0.4989543114543115,
                0.48949096880131365,
                0.4657375145180023,
                0.44285714285714284,
                0.5747286821705426,
                0.5634460547504027,
                0.5909090909090908,
                0.5370370370370371,
                0.5370370370370371,
                0.5370370370370371,
                0.5211640211640213,
                0.5003663003663005,
                0.5211640211640213,
                0.5194805194805194,
                0.5222222222222223,
                0.5158730158730159,
                0.4996729277637604,
                0.5473655473655473,
                0.5194805194805194,
                0.5158730158730159,
                0.5929004329004329,
                0.5747286821705426
        ]
}